{"0.0": 0.49775757575757573, "0.1": 0.496969696969697, "0.2": 0.49783838383838386, "0.30000000000000004": 0.49769696969696975, "0.4": 0.4963636363636364, "0.5": 0.4971717171717172, "0.6000000000000001": 0.49729292929292934, "0.7000000000000001": 0.4961616161616162, "0.8": 0.49492929292929294, "0.9": 0.497010101010101, "1.0": 0.4976161616161616}