{"100": 0.6229767441860465, "200": 0.5167325581395348}