{"0.0": 0.6718537550684621, "0.1": 0.6683711233211239, "0.2": 0.6763982422805956, "0.30000000000000004": 0.6869111138861147, "0.4": 0.671446305491894, "0.5": 0.673495406880702, "0.6000000000000001": 0.6641284194563617, "0.7000000000000001": 0.6734836358086368, "0.8": 0.6800881429028498, "0.9": 0.6691841464091471, "1.0": 0.67733091908092}