{"200": 0.5181162790697674, "300": 0.45667441860465113}