{"2": 1.0, "12": 0.9832, "22": 0.9812666666666663, "32": 0.9739904761904761, "42": 0.9726666666666662, "52": 0.9653714285714282, "62": 0.9628476190476182, "72": 0.9594476190476181, "82": 0.9453238095238085, "92": 0.9545047619047606}