{"2": 1.0, "12": 0.9864761904761906, "22": 0.9773428571428573, "32": 0.971057142857143, "42": 0.9626190476190478, "52": 0.9612761904761897, "62": 0.9585047619047606, "72": 0.9518476190476179, "82": 0.9475809523809515, "92": 0.9402380952380942}