{"2": 1.0, "12": 0.9867999999999997, "22": 0.9820666666666663, "32": 0.975104761904761, "42": 0.977304761904761, "52": 0.9661047619047607, "62": 0.9645809523809512, "72": 0.9669999999999986, "82": 0.9683999999999989, "92": 0.9613142857142843}