{"2": 1.0, "12": 0.9847999999999996, "22": 0.9784666666666662, "32": 0.9771047619047614, "42": 0.9656761904761899, "52": 0.9648380952380945, "62": 0.9649999999999993, "72": 0.959219047619046, "82": 0.9568095238095227, "92": 0.9458666666666649}