{"2": 1.0, "12": 0.987733333333333, "22": 0.9832666666666665, "32": 0.9753904761904758, "42": 0.9689428571428562, "52": 0.9684571428571416, "62": 0.9671999999999988, "72": 0.9614666666666656, "82": 0.9543047619047598, "92": 0.9587333333333322}