{"10": 0.9892666666666665, "20": 0.9795142857142858, "30": 0.9718000000000006, "40": 0.9639523809523807, "50": 0.961542857142857, "60": 0.9588952380952376, "70": 0.9530380952380942, "80": 0.9538380952380944, "90": 0.947676190476189}