{"2": 1.0, "12": 0.9888380952380951, "22": 0.9767428571428574, "32": 0.9652666666666667, "42": 0.9682380952380953, "52": 0.9580666666666662, "62": 0.9576476190476186, "72": 0.9584380952380942, "82": 0.9536285714285704, "92": 0.9542666666666656}