{"2": 1.0, "12": 0.9817999999999985, "22": 0.9739999999999982, "32": 0.972599999999998, "42": 0.9603999999999975, "52": 0.9587999999999978, "62": 0.959799999999998, "72": 0.9545999999999972, "82": 0.9531999999999973, "92": 0.9427999999999971}