{"2": 1.0, "12": 0.9787999999999988, "22": 0.9767999999999984, "32": 0.9677999999999983, "42": 0.9673999999999979, "52": 0.9589999999999977, "62": 0.9563999999999976, "72": 0.9521999999999975, "82": 0.9373999999999976, "92": 0.9485999999999977}