{"2": 1.0, "12": 0.9849999999999988, "22": 0.9691999999999978, "32": 0.9543999999999976, "42": 0.9601999999999979, "52": 0.947799999999997, "62": 0.948799999999997, "72": 0.9519999999999974, "82": 0.9457999999999974, "92": 0.9461999999999977}