{"2": 1.0, "12": 0.9845999999999988, "22": 0.9797999999999988, "32": 0.9693999999999983, "42": 0.9627999999999973, "52": 0.9641999999999973, "62": 0.9631999999999974, "72": 0.9571999999999976, "82": 0.950399999999997, "92": 0.954799999999998}