{"2": 1.0, "12": 0.9841999999999993, "22": 0.9793999999999986, "32": 0.9715999999999984, "42": 0.9745999999999984, "52": 0.9629999999999981, "62": 0.9613999999999979, "72": 0.9643999999999977, "82": 0.9665999999999982, "92": 0.958599999999998}