{"2": 1.0, "12": 0.9821999999999987, "22": 0.9689999999999981, "32": 0.9621999999999971, "42": 0.952999999999998, "52": 0.9523999999999978, "62": 0.9501999999999968, "72": 0.9443999999999972, "82": 0.9387999999999967, "92": 0.9295999999999968}