{"10": 0.986399999999999, "20": 0.9729999999999982, "30": 0.9623999999999979, "40": 0.9537999999999976, "50": 0.9521999999999978, "60": 0.9491999999999972, "70": 0.942799999999997, "80": 0.9461999999999969, "90": 0.9385999999999967}