{"2": 1.0, "12": 0.9869190476190477, "22": 0.9729714285714294, "32": 0.9598333333333336, "42": 0.9642190476190478, "52": 0.9529333333333329, "62": 0.9532238095238094, "72": 0.9552190476190467, "82": 0.9497142857142845, "92": 0.9502333333333326}