{"2": 1.0, "12": 0.9843380952380956, "22": 0.9731714285714288, "32": 0.9666285714285722, "42": 0.957809523809524, "52": 0.9568380952380945, "62": 0.9543523809523797, "72": 0.9481238095238087, "82": 0.9431904761904755, "92": 0.9349190476190464}