{"2": 1.0, "12": 0.9832999999999997, "22": 0.9762333333333332, "32": 0.9748523809523809, "42": 0.9630380952380952, "52": 0.961819047619047, "62": 0.9623999999999994, "72": 0.9569095238095229, "82": 0.9550047619047611, "92": 0.9443333333333319}