{"2": 1.0, "12": 0.9810000000000003, "22": 0.9790333333333332, "32": 0.9708952380952381, "42": 0.9700333333333331, "52": 0.9621857142857141, "62": 0.9596238095238085, "72": 0.9558238095238086, "82": 0.941361904761904, "92": 0.9515523809523798}