{"2": 1.0, "12": 0.9854999999999999, "22": 0.9807333333333332, "32": 0.9733523809523803, "42": 0.9759523809523801, "52": 0.9645523809523798, "62": 0.9629904761904752, "72": 0.9656999999999988, "82": 0.9674999999999996, "92": 0.9599571428571415}