{"10": 0.9878333333333332, "20": 0.9762571428571432, "30": 0.9671000000000005, "40": 0.9588761904761903, "50": 0.9568714285714287, "60": 0.9540476190476188, "70": 0.947919047619047, "80": 0.9500190476190477, "90": 0.9431380952380941}