{"2": 1.0, "12": 0.9861666666666665, "22": 0.9815333333333336, "32": 0.972395238095238, "42": 0.9658714285714278, "52": 0.9663285714285703, "62": 0.9651999999999991, "72": 0.9593333333333327, "82": 0.9523523809523788, "92": 0.9567666666666655}