{"0.0": 0.5134095959595952, "0.1": 0.5157735209235206, "0.2": 0.5144401154401146, "0.30000000000000004": 0.5126570707070701, "0.4": 0.5140813852813847, "0.5": 0.5085943722943712, "0.6000000000000001": 0.510488888888888, "0.7000000000000001": 0.5074365079365076, "0.8": 0.5116551948051942, "0.9": 0.5094037518037512, "1.0": 0.5101740981240974}