{"0.0": 0.8664264705882372, "0.2": 0.866250000000002, "0.4": 0.8676470588235304, "0.6000000000000001": 0.8647941176470608, "0.8": 0.8679117647058839, "1.0": 0.8681029411764719}