{"0.0": 0.8957941176470596, "0.2": 0.8944264705882353, "0.4": 0.8934999999999995, "0.6000000000000001": 0.8966029411764705, "0.8": 0.8929411764705878, "1.0": 0.8955}