{"0.0": 0.8576617647058848, "0.2": 0.8611176470588249, "0.4": 0.8590441176470609, "0.6000000000000001": 0.8623235294117669, "0.8": 0.8612500000000015, "1.0": 0.8621323529411784}