{"0.0": 0.9530000000000013, "0.2": 0.9532205882352961, "0.4": 0.953691176470589, "0.6000000000000001": 0.9526911764705903, "0.8": 0.951676470588237, "1.0": 0.9545588235294137}