{"0.0": 0.2110139833656096, "0.1": 0.21105208911417422, "0.2": 0.210456246544991, "0.30000000000000004": 0.21323782563029473, "0.4": 0.21059290126366076, "0.5": 0.2136803253757526, "0.6000000000000001": 0.20980542576884123, "0.7000000000000001": 0.20964267599144726, "0.8": 0.21146795867025928, "0.9": 0.21037183624005507, "1.0": 0.2122540695902075}