{"0.0": 0.40314247800777525, "0.2": 0.40004817621244393, "0.4": 0.39756381186827333, "0.6000000000000001": 0.3984299863333435, "0.8": 0.39590191259361973, "1.0": 0.3957228739833768}