{"0.0": 0.7583102378298043, "0.2": 0.753899616325704, "0.4": 0.7683574567944144, "0.6000000000000001": 0.7629407700994671, "0.8": 0.75645147171669, "1.0": 0.7707630910152665}