{"0.0": 0.49158556721766294, "0.2": 0.49519068422528745, "0.4": 0.4954730448243355, "0.6000000000000001": 0.4990062394467515, "0.8": 0.4864404835229963, "1.0": 0.4944929716078914}