{"0.0": 0.41663867769769225, "0.2": 0.4152566079618164, "0.4": 0.4177094744339722, "0.6000000000000001": 0.42312784835451345, "0.8": 0.42039786612334606, "1.0": 0.4141328027695361}