{"0.0": 0.4967377344877335, "0.1": 0.5024095959595952, "0.2": 0.502731168831168, "0.30000000000000004": 0.505043290043289, "0.4": 0.49995590520590466, "0.5": 0.5044742424242414, "0.6000000000000001": 0.49494414474414367, "0.7000000000000001": 0.4999726551226545, "0.8": 0.5028103063603057, "0.9": 0.49225937950937876, "1.0": 0.4942217171717165}