{"2": 0.978, "3": 0.967732558139535, "4": 0.9593372093023257}