{"200": 0.7004651162790699, "300": 0.6685813953488373}