{"0.0": 0.3534591735772045, "0.2": 0.3519914767932002, "0.4": 0.3550474073659698, "0.6000000000000001": 0.36027150698570837, "0.8": 0.3549696452901731, "1.0": 0.3513169889382846}