{"0.0": 0.6051817404817418, "0.2": 0.598486979686981, "0.4": 0.6222801309801319, "0.6000000000000001": 0.613928971028972, "0.8": 0.6034404928404941, "1.0": 0.6256289488289503}