{"0.0": 0.3787205415499543, "0.2": 0.3826659534308147, "0.4": 0.3828591331269353, "0.6000000000000001": 0.3879808583401472, "0.8": 0.37098373384441574, "1.0": 0.3810017534924659}