{"0.0": 0.355968750481956, "0.2": 0.35159832870947477, "0.4": 0.349483354961845, "0.6000000000000001": 0.34916827306194653, "0.8": 0.34912398329000843, "1.0": 0.3492481195082575}