{"0.0": 0.6680502334267059, "0.2": 0.6649902194211033, "0.4": 0.6668428571428582, "0.6000000000000001": 0.6739633753501415, "0.8": 0.6605602707749774, "1.0": 0.6685277777777793}