{"0.0": 0.8289761904761891, "0.2": 0.8303364845938364, "0.4": 0.8330876517273563, "0.6000000000000001": 0.8287154295051348, "0.8": 0.8262049019607836, "1.0": 0.8340151260504182}