{"0.0": 0.6162426003734849, "0.2": 0.6126107142857171, "0.4": 0.6177751167133542, "0.6000000000000001": 0.6104169000933733, "0.8": 0.6168169934640554, "1.0": 0.6166276610644285}