{"0.0": 0.6055697712418324, "0.2": 0.6068421568627481, "0.4": 0.603238725490199, "0.6000000000000001": 0.612819701213822, "0.8": 0.6114337301587333, "1.0": 0.6105217320261468}