{"0.0": 0.09062626262626264, "0.1": 0.11882828282828282, "0.2": 0.14066666666666666, "0.30000000000000004": 0.17549494949494948, "0.4": 0.19135353535353533, "0.5": 0.21391919191919193, "0.6000000000000001": 0.23236363636363638, "0.7000000000000001": 0.24284848484848484, "0.8": 0.2614949494949495, "0.9": 0.2713333333333333, "1.0": 0.2963636363636364}