{"0.0": 0.2052411162608192, "0.1": 0.20596305489001734, "0.2": 0.20579218680460912, "0.30000000000000004": 0.20617425524419256, "0.4": 0.20869699224533833, "0.5": 0.20504408373415112, "0.6000000000000001": 0.20498090263743046, "0.7000000000000001": 0.20594467394638244, "0.8": 0.2071443512175107, "0.9": 0.20642537163940977, "1.0": 0.20817650977443505}