{"2": 0.5414378811251211, "12": 0.3224217631365744, "22": 0.274548851621493, "32": 0.24093741757881199, "42": 0.21989028756279339, "52": 0.1984583254625009, "62": 0.20683662609690132, "72": 0.19558430465649276, "82": 0.18474507184758657, "92": 0.17713974136747782}