{"2": 0.5341496542041313, "12": 0.3613943258916531, "22": 0.3137996661903749, "32": 0.2760684041111317, "42": 0.27752967396078565, "52": 0.25832754075422126, "62": 0.242302106042588, "72": 0.23278119529869157, "82": 0.22546714026830417, "92": 0.20929280612420495}