{"2": 0.5373751864108971, "12": 0.2690174961063001, "22": 0.21293652436770005, "32": 0.18003284363703376, "42": 0.15489443978194684, "52": 0.15602520404690795, "62": 0.14471013351726408, "72": 0.14728993447044678, "82": 0.12890382538732714, "92": 0.1347128944491169}