{"2": 0.5444817844173783, "12": 0.2916107817235649, "22": 0.24726753119380546, "32": 0.21678104629429762, "42": 0.19611404729174844, "52": 0.184427405771282, "62": 0.17827573060235896, "72": 0.16121555485096153, "82": 0.15900057701093046, "92": 0.16624354388010013}