{"2": 0.5420317327125216, "12": 0.24429571680613407, "22": 0.171301673510671, "32": 0.13455587989262535, "42": 0.11741069092597028, "52": 0.10842832367941231, "62": 0.10590676439813326, "72": 0.10043197330516612, "82": 0.09413710797747993, "92": 0.09076458077508648}