{"2": 0.4972946428571434, "12": 0.7213085317460324, "22": 0.7012539682539696, "32": 0.6919037698412711, "42": 0.6832926587301595, "52": 0.6702519841269853, "62": 0.6607033730158739, "72": 0.6355535714285727, "82": 0.6514573412698424, "92": 0.6183670634920646}