{"2": 0.5059732142857144, "12": 0.7393511904761912, "22": 0.7030436507936518, "32": 0.6964761904761926, "42": 0.6591259920634931, "52": 0.6452361111111118, "62": 0.6286349206349225, "72": 0.6186527777777785, "82": 0.60631646825397, "92": 0.5910089285714294}