{"2": 0.5113750000000007, "12": 0.7424751984127, "22": 0.7006091269841279, "32": 0.6458065476190485, "42": 0.6070416666666677, "52": 0.5797490079365094, "62": 0.5471398809523821, "72": 0.5279017857142869, "82": 0.5124265873015875, "92": 0.47627480158730134}