{"2": 0.5058392857142865, "12": 0.7302708333333346, "22": 0.713338293650794, "32": 0.6739593253968265, "42": 0.6505238095238106, "52": 0.622097222222223, "62": 0.6163829365079379, "72": 0.6087966269841281, "82": 0.5828154761904774, "92": 0.562878968253969}