{"2": 0.5023650793650801, "12": 0.7281954365079373, "22": 0.7149821428571431, "32": 0.6590833333333336, "42": 0.6431299603174611, "52": 0.6210753968253976, "62": 0.5901458333333346, "72": 0.5697569444444447, "82": 0.5450307539682545, "92": 0.5324821428571433}