{"2": 0.523705547705417, "12": 0.5308864768063819, "22": 0.48879625120757153, "32": 0.4687068040275017, "42": 0.43950813981314296, "52": 0.421847218286806, "62": 0.4177357733659112, "72": 0.4071185412171355, "82": 0.3955307700507777, "92": 0.3840743349694533}