{"2": 0.5251605350658318, "12": 0.5109408075284493, "22": 0.48030291242229933, "32": 0.4453701858455614, "42": 0.42331892840777907, "52": 0.4032623139967526, "62": 0.39732933355514743, "72": 0.3850060909175444, "82": 0.37090802660070366, "92": 0.36456125606703454}