{"2": 0.5267033663562602, "12": 0.4933854576094158, "22": 0.4359554002473991, "32": 0.3901812137558368, "42": 0.36222617879631885, "52": 0.3440886658079604, "62": 0.32652332267525724, "72": 0.3141668795097258, "82": 0.3032818476395337, "92": 0.28351969118119386}