{"2": 0.5157221485306365, "12": 0.5413514288188419, "22": 0.5075268172221717, "32": 0.4839860869762002, "42": 0.4804111663454722, "52": 0.46428976244060227, "62": 0.45150273952923037, "72": 0.43416738336363114, "82": 0.43846224076907225, "92": 0.4138299348081341}