{"2": 0.5198701328879878, "12": 0.4986064663071186, "22": 0.46395933361242125, "32": 0.4195580884851832, "42": 0.399012200049704, "52": 0.3885503004361528, "62": 0.3674279834252985, "72": 0.3585234394574459, "82": 0.33696728967779105, "92": 0.33359751865313014}