{"0.0": 0.18525252525252522, "0.1": 0.21436363636363634, "0.2": 0.24676767676767677, "0.30000000000000004": 0.27406060606060606, "0.4": 0.3013131313131313, "0.5": 0.3200202020202021, "0.6000000000000001": 0.34935353535353536, "0.7000000000000001": 0.3626262626262626, "0.8": 0.3866464646464647, "0.9": 0.4128080808080808, "1.0": 0.41967676767676765}