{"0.0": 0.5323636363636364, "0.1": 0.5333737373737374, "0.2": 0.5314949494949495, "0.30000000000000004": 0.5326262626262626, "0.4": 0.5327878787878787, "0.5": 0.5320404040404041, "0.6000000000000001": 0.5328080808080808, "0.7000000000000001": 0.5325252525252524, "0.8": 0.5323434343434345, "0.9": 0.5339191919191919, "1.0": 0.5302828282828282}