{"2": 1.0, "12": 0.9067761904761923, "22": 0.8631460317460334, "32": 0.8439619047619057, "42": 0.8253666666666688, "52": 0.8117333333333356, "62": 0.7924555555555569, "72": 0.7980047619047635, "82": 0.7878626262626274, "92": 0.7798649350649359}