{"2": 1.0, "12": 0.8882936507936541, "22": 0.8519476190476213, "32": 0.8138418470418485, "42": 0.7870372294372314, "52": 0.7565582972582983, "62": 0.7483868686868694, "72": 0.717414862914864, "82": 0.6999815961815976, "92": 0.6855167499167515}