{"3": 0.9696666666666658, "13": 0.9018619047619056, "23": 0.8490793650793668, "33": 0.8216317460317474, "43": 0.8065995670995681, "53": 0.7788743145743175, "63": 0.7752673881673885, "73": 0.7545111111111124, "83": 0.7381603174603192, "93": 0.7341731601731618}