{"2": 1.0, "12": 0.901076190476192, "22": 0.8612666666666692, "32": 0.8241287157287177, "42": 0.7867311688311703, "52": 0.7637738816738827, "62": 0.7453861471861486, "72": 0.7366020202020218, "82": 0.7283634920634929, "92": 0.7225515151515164}