{"3": 0.9646666666666659, "13": 0.9004063492063505, "23": 0.8575935064935089, "33": 0.8178718614718623, "43": 0.7891077922077934, "53": 0.7659545454545466, "63": 0.7535839826839836, "73": 0.7237890331890345, "83": 0.7259490620490633, "93": 0.6969137085137093}