{"3": 0.9683333333333323, "13": 0.8786412698412724, "23": 0.8497301587301604, "33": 0.8025582972582983, "43": 0.7764943722943746, "53": 0.7533567099567108, "63": 0.7281549783549802, "73": 0.7098702741702749, "83": 0.7029949050949066, "93": 0.6807373848373854}