{"2": 1.0, "12": 0.8963714285714308, "22": 0.8548777777777797, "32": 0.8331777777777795, "42": 0.805376623376625, "52": 0.7802148629148639, "62": 0.7695256854256868, "72": 0.7500673881673903, "82": 0.743842568542569, "92": 0.723189610389612}