{"2": 0.998, "12": 0.8870206349206378, "22": 0.8503349206349222, "32": 0.8143492063492076, "42": 0.7858916305916324, "52": 0.7546204906204914, "62": 0.7241269841269856, "72": 0.721296536796538, "82": 0.7021367965367977, "92": 0.6808494172494183}