{"2": 1.0, "12": 0.9039809523809542, "22": 0.8556174603174621, "32": 0.8329936507936526, "42": 0.8089950937950948, "52": 0.802314285714288, "62": 0.7743479076479083, "72": 0.7577821067821088, "82": 0.7472852813852822, "92": 0.7390271284271298}