{"2": 1.0, "12": 0.9762417582417587, "22": 0.9590769230769242, "32": 0.9421978021978036, "42": 0.9268571428571437, "52": 0.9129890109890121, "62": 0.9015164835164863, "72": 0.8955164835164858, "82": 0.8891428571428599, "92": 0.8815164835164855}