{"3": 0.9979120879120871, "13": 0.9675164835164838, "23": 0.9509670329670339, "33": 0.9280219780219793, "43": 0.9123736263736287, "53": 0.8981978021978044, "63": 0.8844615384615407, "73": 0.8691208791208815, "83": 0.856791208791212, "93": 0.8469890109890137}