{"3": 0.9976703296703289, "13": 0.9757362637362632, "23": 0.9572307692307704, "33": 0.9391648351648362, "43": 0.9255824175824194, "53": 0.9129230769230781, "63": 0.9046153846153864, "73": 0.8861538461538481, "83": 0.888197802197804, "93": 0.8683736263736288}