{"2": 1.0, "12": 0.9762417582417576, "22": 0.9594505494505499, "32": 0.9495164835164852, "42": 0.9372967032967049, "52": 0.9260659340659358, "62": 0.9180439560439577, "72": 0.9074065934065954, "82": 0.9030329670329692, "92": 0.8899340659340688}