{"2": 1.0, "12": 0.9710109890109899, "22": 0.9544175824175839, "32": 0.93457142857143, "42": 0.9201318681318703, "52": 0.9028791208791225, "62": 0.8943736263736285, "72": 0.8777582417582445, "82": 0.8647252747252776, "92": 0.853340659340662}