{"2": 1.0, "12": 0.9815384615384612, "22": 0.967648351648352, "32": 0.9600659340659339, "42": 0.9536923076923086, "52": 0.9475384615384622, "62": 0.9405054945054954, "72": 0.9397362637362644, "82": 0.9344395604395616, "92": 0.9297142857142872}