{"3": 0.9980219780219773, "13": 0.9760879120879115, "23": 0.9591868131868134, "33": 0.9453406593406606, "43": 0.9363736263736273, "53": 0.9238461538461554, "63": 0.9209670329670341, "73": 0.910219780219782, "83": 0.8991868131868159, "93": 0.894945054945057}