{"2": 1.0, "12": 0.9788571428571428, "22": 0.9625714285714301, "32": 0.9516263736263741, "42": 0.940945054945056, "52": 0.9376483516483529, "62": 0.9269450549450563, "72": 0.9189010989011015, "82": 0.9107032967032979, "92": 0.9071868131868159}