{"2": 0.999978021978022, "12": 0.9708351648351653, "22": 0.9519340659340665, "32": 0.9336923076923092, "42": 0.9171428571428588, "52": 0.8982637362637387, "62": 0.882549450549453, "72": 0.8762417582417608, "82": 0.8600439560439587, "92": 0.8462197802197831}