{"3": 0.983844322344322, "13": 0.938974908424903, "23": 0.904133089133085, "33": 0.8834862026861977, "43": 0.8714865967365917, "53": 0.8513602342102295, "63": 0.8481172105672062, "73": 0.8323654456654409, "83": 0.8186735653235607, "93": 0.8145591075591031}