{"2": 1.0, "12": 0.9363065934065885, "22": 0.9071641636141593, "32": 0.8913471306471257, "42": 0.8713366633366587, "52": 0.8531403984903932, "62": 0.8437848207348158, "72": 0.8287369907869858, "82": 0.8234377677877631, "92": 0.8065618381618331}