{"2": 1.0, "12": 0.9441573260073207, "22": 0.9153971916971867, "32": 0.9020139194139141, "42": 0.8895294871794823, "52": 0.879635897435893, "62": 0.8664805250305203, "72": 0.8688705128205072, "82": 0.8611510933510883, "92": 0.8547896103896051}