{"2": 0.9989890109890109, "12": 0.9289278998778955, "22": 0.9011344932844885, "32": 0.874020757020752, "42": 0.8515172438672381, "52": 0.8264421134421088, "62": 0.8033382173382134, "72": 0.7987691475191429, "82": 0.7810903762903718, "92": 0.7635345987345953}