{"2": 1.0, "12": 0.9296523199023159, "22": 0.9031826007325954, "32": 0.874206637806633, "42": 0.8535845487845435, "52": 0.8297187090687046, "62": 0.8213802475302423, "72": 0.7975865523365476, "82": 0.7823534354534323, "92": 0.7694287046287004}