{"3": 0.981168498168498, "13": 0.9380713064713019, "23": 0.9074121378621333, "33": 0.8785183483183427, "43": 0.8573451048951004, "53": 0.8394388111888061, "63": 0.8290996836496788, "73": 0.8049714396714353, "83": 0.8070734321234277, "93": 0.7826436674436638}