{"2": 1.0, "12": 0.9386589743589694, "22": 0.9101717948717899, "32": 0.883163258963255, "42": 0.8567941558441511, "52": 0.8383814463314416, "62": 0.8234513153513112, "72": 0.8160592518592479, "82": 0.8087531746031708, "92": 0.8020339993339951}