{"2": 1.0, "12": 0.9414190476190423, "22": 0.9090944444444398, "32": 0.8923100122100073, "42": 0.8749700743700691, "52": 0.8699813186813136, "62": 0.8506464812964769, "72": 0.8383416028415986, "82": 0.8289942890442846, "92": 0.8231069708069663}