{"3": 0.9831227106227102, "13": 0.9230788766788717, "23": 0.9003485958485913, "33": 0.8652901376401325, "43": 0.8444339993339945, "53": 0.8257772560772515, "63": 0.8063082584082543, "73": 0.7894955766455729, "83": 0.7798930569430532, "93": 0.7638631979131948}