{"0.0": 0.20341501472065376, "0.1": 0.2054150245988649, "0.2": 0.20327601532113843, "0.30000000000000004": 0.20364893145206495, "0.4": 0.20258879657022855, "0.5": 0.20255837882237246, "0.6000000000000001": 0.2021423800248422, "0.7000000000000001": 0.20305988404700032, "0.8": 0.2022669923285242, "0.9": 0.2036928299389819, "1.0": 0.20263141281367203}