{"0.0": 0.7429090909090909, "0.1": 0.7457171717171717, "0.2": 0.7451313131313132, "0.30000000000000004": 0.7448888888888889, "0.4": 0.746020202020202, "0.5": 0.7471313131313131, "0.6000000000000001": 0.7473333333333334, "0.7000000000000001": 0.7443636363636363, "0.8": 0.7472727272727272, "0.9": 0.7442626262626263, "1.0": 0.7441616161616161}