{"0.0": 0.5125137085137087, "0.1": 0.5251271117771118, "0.2": 0.5106353701853706, "0.30000000000000004": 0.5286329614829621, "0.4": 0.5251010711510714, "0.5": 0.520709151959152, "0.6000000000000001": 0.517638361638362, "0.7000000000000001": 0.5241466866466868, "0.8": 0.5238053890553883, "0.9": 0.5139014430014431, "1.0": 0.5225481129981134}