{"0.0": 0.5908151273563051, "0.2": 0.5912626354038132, "0.4": 0.5950621532062719, "0.6000000000000001": 0.595030391503922, "0.8": 0.5947871279047761, "1.0": 0.5966098946804842}