{"0.0": 0.9389600373482715, "0.2": 0.9402947712418296, "0.4": 0.9402207282913161, "0.6000000000000001": 0.9386363678804854, "0.8": 0.9421221755368816, "1.0": 0.9385922969187668}