{"0.0": 0.8176239326033438, "0.2": 0.8054822510822506, "0.4": 0.8087610050080637, "0.6000000000000001": 0.8138630803836682, "0.8": 0.8102288133435178, "1.0": 0.8138852983617676}