{"0.0": 0.4916286514139432, "0.2": 0.4936845174433387, "0.4": 0.49342140294346, "0.6000000000000001": 0.4918925512396082, "0.8": 0.4890187484084519, "1.0": 0.4955021073697518}