{"0.0": 0.5211362586759637, "0.2": 0.5247301234712982, "0.4": 0.5114936725039655, "0.6000000000000001": 0.5233582517156037, "0.8": 0.5166460500284018, "1.0": 0.5162071417144932}