{"0.0": 0.29512253111206616, "0.2": 0.30758239751918887, "0.4": 0.3055587164730287, "0.6000000000000001": 0.30190870191277946, "0.8": 0.3006665954091438, "1.0": 0.30835760159547243}