{"0.0": 0.5102913548268037, "0.2": 0.5185327053407538, "0.4": 0.5171679906608699, "0.6000000000000001": 0.506543837809937, "0.8": 0.5187953502637711, "1.0": 0.5151588621217101}