{"0.0": 0.28203713535095054, "0.2": 0.28036735078047614, "0.4": 0.2852193535529686, "0.6000000000000001": 0.2835148414441406, "0.8": 0.28474203778177054, "1.0": 0.2847770489799409}