{"0.0": 0.29298214550332446, "0.2": 0.2855586400391516, "0.4": 0.2842471612423334, "0.6000000000000001": 0.2899573571684359, "0.8": 0.29161377767180013, "1.0": 0.2860458243161689}