{"0.0": 0.3203112697959973, "0.2": 0.31444680770430505, "0.4": 0.3136703786507235, "0.6000000000000001": 0.3180722746433315, "0.8": 0.31810984450092505, "1.0": 0.3165007446703998}