{"0.0": 0.36536422122105827, "0.2": 0.3763035140305316, "0.4": 0.37640497400006173, "0.6000000000000001": 0.37467356277905084, "0.8": 0.3717002927784644, "1.0": 0.37724530326079153}