{"0.0": 0.30365649870995776, "0.2": 0.30188564583358773, "0.4": 0.30489785411638565, "0.6000000000000001": 0.3044101300816757, "0.8": 0.3035409696298014, "1.0": 0.3058515786771626}