{"0.0": 0.6886653818469004, "0.2": 0.6942195546408224, "0.4": 0.6935421234092534, "0.6000000000000001": 0.6867645297424075, "0.8": 0.6946612219299166, "1.0": 0.6927272143120881}