{"0.0": 0.06547474747474748, "0.1": 0.09428282828282829, "0.2": 0.12357575757575759, "0.30000000000000004": 0.1433131313131313, "0.4": 0.16349494949494947, "0.5": 0.17230303030303032, "0.6000000000000001": 0.20006060606060605, "0.7000000000000001": 0.21107070707070708, "0.8": 0.21977777777777777, "0.9": 0.23509090909090907, "1.0": 0.25127272727272726}