{"0.0": 0.8629466756717368, "0.1": 0.8537035759157604, "0.2": 0.8500922874672836, "0.30000000000000004": 0.8513206992099039, "0.4": 0.8465575242025529, "0.5": 0.8515039400994104, "0.6000000000000001": 0.856691481332109, "0.7000000000000001": 0.8505833346413226, "0.8": 0.8509974178293508, "0.9": 0.8541324586155339, "1.0": 0.8504770485091182}