{"0.0": 0.49066666666666664, "0.1": 0.4904242424242424, "0.2": 0.48941414141414147, "0.30000000000000004": 0.48983838383838385, "0.4": 0.49024242424242426, "0.5": 0.48985858585858594, "0.6000000000000001": 0.48907070707070704, "0.7000000000000001": 0.48921212121212126, "0.8": 0.488989898989899, "0.9": 0.4884646464646465, "1.0": 0.4884646464646465}