{"0.0": 0.23525485039948119, "0.1": 0.23531238125040235, "0.2": 0.23942043879010047, "0.30000000000000004": 0.23624355824771054, "0.4": 0.23856103952327107, "0.5": 0.23552267835745389, "0.6000000000000001": 0.23720461360458123, "0.7000000000000001": 0.2396526929126024, "0.8": 0.23787118707774235, "0.9": 0.23568507135358022, "1.0": 0.23722923643306507}