{"2": 0.9870350467586706, "12": 0.8844720538892146, "22": 0.8054631457576152, "32": 0.7327479357248292, "42": 0.6810668375864338, "52": 0.6321682997331598, "62": 0.6029417401283779, "72": 0.559785207169748, "82": 0.5550044127261203, "92": 0.5391190731961543}