{"2": 0.986591054813787, "12": 0.9337234923887971, "22": 0.8855600898822237, "32": 0.83405458748094, "42": 0.8119785556955604, "52": 0.7906855214959102, "62": 0.7675137460497778, "72": 0.7458321457654511, "82": 0.7127261473675721, "92": 0.7057723570967318}