{"2": 0.9869556406344095, "12": 0.8743309813693071, "22": 0.7805361460379981, "32": 0.6990756976379178, "42": 0.6202642625468078, "52": 0.58815976504457, "62": 0.5418816911404042, "72": 0.5316413042747212, "82": 0.4817268803222735, "92": 0.46625134726132084}