{"2": 0.9868966759932575, "12": 0.9085689104745455, "22": 0.8377801085244361, "32": 0.7810496267236922, "42": 0.7343317353389421, "52": 0.7047845813728243, "62": 0.666577288685638, "72": 0.6518647895653352, "82": 0.6262146982284232, "92": 0.5972239260286171}