{"2": 0.9868337878901445, "12": 0.8424944256772819, "22": 0.6953139981303156, "32": 0.597988411032589, "42": 0.527168902064568, "52": 0.45606429758751693, "62": 0.4243899030793769, "72": 0.4062557054057053, "82": 0.3638961829020657, "92": 0.3622244879303702}