{"2": 0.3632444444444429, "12": 0.7063555555555558, "22": 0.662355555555556, "32": 0.6300888888888883, "42": 0.6264444444444442, "52": 0.6036888888888877, "62": 0.5989333333333328, "72": 0.5777777777777772, "82": 0.5708444444444436, "92": 0.5621777777777762}