{"2": 0.3658666666666654, "12": 0.669155555555555, "22": 0.6483111111111107, "32": 0.616044444444444, "42": 0.6024888888888885, "52": 0.5808444444444436, "62": 0.5359999999999975, "72": 0.5271111111111083, "82": 0.5352444444444423, "92": 0.5206666666666631}