{"2": 0.35933333333333234, "12": 0.6837333333333336, "22": 0.6740444444444441, "32": 0.6608888888888892, "42": 0.6434666666666655, "52": 0.6256000000000005, "62": 0.6235999999999998, "72": 0.6322222222222226, "82": 0.6187555555555553, "92": 0.6008444444444444}