{"2": 0.3725777777777767, "12": 0.6723555555555557, "22": 0.6437777777777776, "32": 0.6152888888888883, "42": 0.5694666666666651, "52": 0.5481333333333313, "62": 0.5183999999999975, "72": 0.5050666666666637, "82": 0.4683555555555531, "92": 0.48599999999999727}