{"2": 0.3692444444444433, "12": 0.6614666666666665, "22": 0.5817777777777774, "32": 0.543777777777776, "42": 0.5137333333333302, "52": 0.473244444444441, "62": 0.46351111111110815, "72": 0.4379555555555525, "82": 0.4256888888888865, "92": 0.41911111111110905}