{"2": 0.678039116167294, "12": 0.7519805461719733, "22": 0.6385458879540468, "32": 0.5708830944051833, "42": 0.52045111769895, "52": 0.4646543710159806, "62": 0.443950507095244, "72": 0.42210563048063043, "82": 0.39479253589547725, "92": 0.390667799520741}