{"2": 0.6797667092060931, "12": 0.7733432684624306, "22": 0.7121569619078885, "32": 0.6571822932634026, "42": 0.5948654646067368, "52": 0.5681465491889525, "62": 0.5301408455702019, "72": 0.5183539854706936, "82": 0.4750412179389149, "92": 0.47612567363066083}