{"2": 0.6729621940735588, "12": 0.808728412861064, "22": 0.7798022671633335, "32": 0.7474717381849133, "42": 0.7277226111811124, "52": 0.7081427607479548, "62": 0.6955568730248888, "72": 0.6890271839938354, "82": 0.6657408514615633, "92": 0.6533084007705882}