{"2": 0.6750705602188517, "12": 0.8074622330150489, "22": 0.7500678320399953, "32": 0.7055692578062899, "42": 0.6803880898916934, "52": 0.6542367351308561, "62": 0.6327553110094853, "72": 0.6148212836715558, "82": 0.598529571336434, "92": 0.5797008519031965}