{"2": 0.6764508567126679, "12": 0.7768138047223836, "22": 0.7268871284343621, "32": 0.6743961900846364, "42": 0.6417778632376613, "52": 0.606506372088802, "62": 0.569470870064189, "72": 0.54344815914043, "82": 0.5451244285852828, "92": 0.5298928699314105}