{"0.0": 0.4862222222222222, "0.1": 0.5074343434343433, "0.2": 0.5260404040404042, "0.30000000000000004": 0.5483636363636364, "0.4": 0.5668282828282829, "0.5": 0.586, "0.6000000000000001": 0.6036565656565657, "0.7000000000000001": 0.6223838383838384, "0.8": 0.6371313131313132, "0.9": 0.6628282828282829, "1.0": 0.6799797979797979}