{"0.0": 0.44030634920634854, "0.2": 0.4355539682539677, "0.4": 0.4401857142857136, "0.6000000000000001": 0.45132380952380907, "0.8": 0.4281793650793643, "1.0": 0.4415555555555545}