{"0.0": 0.35347777777777795, "0.2": 0.35256666666666664, "0.4": 0.3474333333333332, "0.6000000000000001": 0.36331587301587287, "0.8": 0.3616174603174605, "1.0": 0.358911111111111}