{"0.0": 0.7049523809523813, "0.2": 0.7074523809523819, "0.4": 0.7124841269841278, "0.6000000000000001": 0.7047396825396831, "0.8": 0.7007333333333333, "1.0": 0.7134714285714289}