{"0.0": 0.36605873015873003, "0.2": 0.35897142857142816, "0.4": 0.36790317460317445, "0.6000000000000001": 0.3560396825396824, "0.8": 0.3657222222222223, "1.0": 0.36515238095238084}