{"0.0": 0.3782202297702311, "0.2": 0.3840223384458691, "0.4": 0.3681245999098954, "0.6000000000000001": 0.3833570263070281, "0.8": 0.3728215118215131, "1.0": 0.37083258408258535}