{"0.0": 0.43228384948385046, "0.2": 0.43184553224553296, "0.4": 0.43818966588966635, "0.6000000000000001": 0.4386882339882349, "0.8": 0.43804484404484456, "1.0": 0.4413243645243653}