{"0.0": 0.3513095904095914, "0.2": 0.3549376623376635, "0.4": 0.356319930069931, "0.6000000000000001": 0.35548444888444986, "0.8": 0.35242965367965456, "1.0": 0.35725258075258226}