{"0.0": 0.8947174603174626, "0.2": 0.8971777777777803, "0.4": 0.8972126984127016, "0.6000000000000001": 0.8942269841269864, "0.8": 0.9001920634920654, "1.0": 0.8943349206349235}