{"0.0": 0.7120321789321798, "0.2": 0.6931867243867258, "0.4": 0.698554689754691, "0.6000000000000001": 0.706941847041848, "0.8": 0.7001831168831177, "1.0": 0.7062542568542579}