{"0.0": 0.6339919420634917, "0.1": 0.6339890503934298, "0.2": 0.6402993477096202, "0.30000000000000004": 0.6390235805320852, "0.4": 0.6365288558462475, "0.5": 0.638818697615191, "0.6000000000000001": 0.6348495862293719, "0.7000000000000001": 0.6434155422381644, "0.8": 0.6402325921493642, "0.9": 0.6449739517208049, "1.0": 0.6334243904987605}