{"0.0": 0.4291202217497125, "0.1": 0.42454667449839595, "0.2": 0.42563971828183106, "0.30000000000000004": 0.4285794559269997, "0.4": 0.4247515703221807, "0.5": 0.422796772750712, "0.6000000000000001": 0.42969186295370443, "0.7000000000000001": 0.422860410480837, "0.8": 0.427065697276982, "0.9": 0.42236408408171217, "1.0": 0.42710222629763206}