{"0.0": 0.4945169552669544, "0.1": 0.5022364857364854, "0.2": 0.4907961649461646, "0.30000000000000004": 0.49594392829392775, "0.4": 0.5014665834165829, "0.5": 0.49999790764790675, "0.6000000000000001": 0.4976344155844157, "0.7000000000000001": 0.5016663669663664, "0.8": 0.49944948384948307, "0.9": 0.502669985569985, "1.0": 0.5031854867354865}