{"2": 1.0, "12": 0.8192777777777802, "22": 0.7516672438672454, "32": 0.7023498501498514, "42": 0.6715970473970482, "52": 0.6527134976134983, "62": 0.6404876567876583, "72": 0.5965429015429018, "82": 0.6112120879120884, "92": 0.5867923021423023}