{"2": 1.0, "12": 0.7912096681096694, "22": 0.7195324120324131, "32": 0.6585629592629602, "42": 0.6114429459429468, "52": 0.5928344155844152, "62": 0.5638793905440967, "72": 0.5588719987614719, "82": 0.5216386561151276, "92": 0.5205735617323852}