{"2": 1.0, "12": 0.800185569985572, "22": 0.72461774891775, "32": 0.6781663114663126, "42": 0.628804539904541, "52": 0.597349805749806, "62": 0.5804402874902872, "72": 0.5597061050061048, "82": 0.5357827714768894, "92": 0.5115121855268926}