{"2": 1.0, "12": 0.8041063492063508, "22": 0.7420307359307367, "32": 0.6850192252192268, "42": 0.6652809745809757, "52": 0.6313808857808867, "62": 0.6036403929403935, "72": 0.6062579531579539, "82": 0.5808560269795576, "92": 0.5605813353313351}