{"2": 0.998, "12": 0.8167888888888909, "22": 0.7634017316017333, "32": 0.7291776334776349, "42": 0.7079132867132876, "52": 0.685260273060274, "62": 0.6698888777888784, "72": 0.6538590853590873, "82": 0.6454604839604848, "92": 0.6301608946608959}