{"2": 1.0, "12": 0.8112492063492089, "22": 0.7317181818181827, "32": 0.685682073482074, "42": 0.6677793983793997, "52": 0.6125811410811417, "62": 0.5903288933288939, "72": 0.5749569375069381, "82": 0.5708101731601728, "92": 0.5311175837234667}