{"2": 1.0, "12": 0.9733047619047641, "22": 0.9490857142857179, "32": 0.9303142857142884, "42": 0.9159809523809532, "52": 0.8958761904761899, "62": 0.8812857142857136, "72": 0.8641619047619038, "82": 0.8589619047619043, "92": 0.8329904761904757}