{"2": 1.0, "12": 0.9704095238095265, "22": 0.9438190476190504, "32": 0.9225809523809544, "42": 0.8977428571428573, "52": 0.8752095238095235, "62": 0.8623809523809516, "72": 0.8446952380952373, "82": 0.8262476190476176, "92": 0.805666666666665}