{"2": 0.9999904761904762, "12": 0.9787714285714297, "22": 0.9660666666666697, "32": 0.9553428571428595, "42": 0.9476761904761929, "52": 0.9402571428571451, "62": 0.9356571428571457, "72": 0.9291333333333341, "82": 0.9218476190476212, "92": 0.9160380952380959}