{"2": 1.0, "12": 0.9776666666666689, "22": 0.9587142857142879, "32": 0.9429142857142881, "42": 0.931085714285717, "52": 0.920638095238097, "62": 0.9145523809523817, "72": 0.899380952380953, "82": 0.8976000000000001, "92": 0.887923809523809}