{"2": 1.0, "12": 0.9738952380952406, "22": 0.9551047619047656, "32": 0.9358190476190492, "42": 0.9245523809523831, "52": 0.9092000000000005, "62": 0.8942285714285714, "72": 0.8889904761904768, "82": 0.8778571428571426, "92": 0.8655714285714268}