{"2": 1.0, "12": 0.9678666666666698, "22": 0.9410285714285745, "32": 0.9153714285714295, "42": 0.8888952380952374, "52": 0.8708095238095226, "62": 0.8491619047619032, "72": 0.8314761904761891, "82": 0.8117904761904744, "92": 0.7966095238095224}