{"2": 1.0, "12": 0.8890007936507945, "22": 0.8485677489177482, "32": 0.8104191364191358, "42": 0.7949166777666761, "52": 0.7702904428904425, "62": 0.7489344821844826, "72": 0.7476242146742147, "82": 0.7293565849183496, "92": 0.7130763819513826}