{"2": 1.0, "12": 0.8984722222222229, "22": 0.8551907647907653, "32": 0.8226320679320662, "42": 0.8013413808413797, "52": 0.7866757964257957, "62": 0.7775200188700172, "72": 0.7479619269619266, "82": 0.7544060439560438, "92": 0.7373580558330561}