{"2": 0.998995238095238, "12": 0.8977801587301596, "22": 0.8647341991341996, "32": 0.8422602453102443, "42": 0.8277947385947391, "52": 0.8127587079587069, "62": 0.8027730103230091, "72": 0.791496209346208, "82": 0.783654051504051, "92": 0.773099494949494}