{"2": 1.0, "12": 0.8795381673881694, "22": 0.8302804917304896, "32": 0.7869671939171924, "42": 0.7501690920190917, "52": 0.731821969696971, "62": 0.7065206476530015, "72": 0.6951740946188315, "82": 0.666714566152801, "92": 0.6585915427709538}