{"2": 1.0, "12": 0.8922769841269843, "22": 0.8404019480519465, "32": 0.8079981795981781, "42": 0.7918801753801736, "52": 0.7542286657786661, "62": 0.7358073038073049, "72": 0.7195594211344206, "82": 0.7148860389610386, "92": 0.6820540299569707}