{"2": 1.0, "12": 0.8852975468975468, "22": 0.834218398268396, "32": 0.8003736319236301, "42": 0.7632736985236981, "52": 0.7362796647796648, "62": 0.7214106199356212, "72": 0.702200671550672, "82": 0.6810151952622536, "92": 0.6585894260967786}