{"0.0": 0.6044505928853762, "0.2": 0.6077154150197647, "0.4": 0.608086956521741, "0.6000000000000001": 0.6100316205533602, "0.8": 0.6018972332015823, "1.0": 0.6079841897233214}