{"0.0": 0.4798181818181844, "0.2": 0.47852173913043716, "0.4": 0.48037154150197864, "0.6000000000000001": 0.4859841897233225, "0.8": 0.4858260869565243, "1.0": 0.476948616600793}