{"0.0": 0.45031620553359925, "0.2": 0.44849802371541747, "0.4": 0.44564426877470575, "0.6000000000000001": 0.4476916996047452, "0.8": 0.4426798418972358, "1.0": 0.4421976284585005}