{"0.0": 0.9114387351778629, "0.2": 0.9093122529644252, "0.4": 0.9144347826086928, "0.6000000000000001": 0.911952569169958, "0.8": 0.9094624505928837, "1.0": 0.9158972332015787}