{"0.0": 0.5039595959595959, "0.1": 0.5046666666666666, "0.2": 0.5054949494949494, "0.30000000000000004": 0.5039595959595959, "0.4": 0.5033939393939394, "0.5": 0.5039191919191919, "0.6000000000000001": 0.5043030303030303, "0.7000000000000001": 0.50410101010101, "0.8": 0.5045050505050505, "0.9": 0.5043838383838384, "1.0": 0.5042222222222222}