{"0.0": 0.11365656565656565, "0.1": 0.14967676767676769, "0.2": 0.17236363636363639, "0.30000000000000004": 0.1998181818181818, "0.4": 0.22537373737373737, "0.5": 0.24173737373737372, "0.6000000000000001": 0.262, "0.7000000000000001": 0.282969696969697, "0.8": 0.29634343434343435, "0.9": 0.31133333333333335, "1.0": 0.3193737373737374}