{"2": 0.9989750629879631, "12": 0.9304006826961679, "22": 0.794854779241493, "32": 0.688483826592357, "42": 0.5937964601809097, "52": 0.56286682546983, "62": 0.5232079017613217, "72": 0.4691543708629977, "82": 0.4614428239279898, "92": 0.4112519497056421}