{"2": 0.9989586439177763, "12": 0.9531022776045032, "22": 0.8777396133683736, "32": 0.7950858401896949, "42": 0.7279195575695221, "52": 0.6715208197639169, "62": 0.6239863477030427, "72": 0.6252426822769709, "82": 0.6043160515981524, "92": 0.5461376850103884}