{"2": 0.9989315725004697, "12": 0.9407112931564363, "22": 0.8409149986337873, "32": 0.7526748089355038, "42": 0.683080984218887, "52": 0.6227624985524937, "62": 0.550971547798606, "72": 0.5564735660818034, "82": 0.5269338525489305, "92": 0.4714168278274536}