{"2": 0.9989169052952857, "12": 0.9658480444144307, "22": 0.9193373722653179, "32": 0.8386204113630914, "42": 0.8158819112397993, "52": 0.752589054282919, "62": 0.7384563480582311, "72": 0.7007129049675159, "82": 0.7114444009778296, "92": 0.6674924441596459}