{"2": 0.9989232151952016, "12": 0.8954685647685652, "22": 0.7407933621933614, "32": 0.5939619047619039, "42": 0.5271809523809518, "52": 0.4592380952380949, "62": 0.4037142857142853, "72": 0.3551999999999995, "82": 0.3409999999999997, "92": 0.33746666666666647}