{"2": 0.24066666666666678, "12": 0.5239999999999997, "22": 0.38933333333333325, "32": 0.2913333333333334, "42": 0.2853333333333334, "52": 0.22333333333333336, "62": 0.1653333333333333, "72": 0.1753333333333333, "82": 0.188, "92": 0.15333333333333335}