{"2": 0.2506666666666668, "12": 0.5659999999999997, "22": 0.49533333333333324, "32": 0.42599999999999993, "42": 0.4466666666666665, "52": 0.348, "62": 0.35266666666666663, "72": 0.2946666666666667, "82": 0.308, "92": 0.2793333333333333}