{"2": 0.24533333333333346, "12": 0.5339999999999999, "22": 0.4379999999999999, "32": 0.3426666666666667, "42": 0.29933333333333334, "52": 0.284, "62": 0.2553333333333333, "72": 0.23, "82": 0.21333333333333332, "92": 0.17666666666666667}