{"2": 0.25133333333333346, "12": 0.4186666666666666, "22": 0.28066666666666673, "32": 0.18466666666666667, "42": 0.146, "52": 0.10333333333333333, "62": 0.052, "72": 0.042666666666666665, "82": 0.038, "92": 0.029333333333333333}