{"2": 0.2686666666666667, "12": 0.5106666666666663, "22": 0.35999999999999993, "32": 0.2753333333333333, "42": 0.182, "52": 0.16200000000000003, "62": 0.14599999999999996, "72": 0.126, "82": 0.12066666666666666, "92": 0.11}