{"2": 0.6197991195835683, "12": 0.7323556465782173, "22": 0.6151241659835605, "32": 0.5220040711344188, "42": 0.4842071587761099, "52": 0.4230479159429134, "62": 0.3581524405659694, "72": 0.3659034497075685, "82": 0.3574669262744652, "92": 0.3123750805803933}