{"2": 0.622145988625555, "12": 0.7435511388022512, "22": 0.6578698066841864, "32": 0.5688762534281807, "42": 0.5136264454514277, "52": 0.4777604098819581, "62": 0.43965984051818785, "72": 0.42762134113848527, "82": 0.40882469246574293, "92": 0.36140217583852746}