{"2": 0.6338208648273146, "12": 0.7205336746814172, "22": 0.5774273896207468, "32": 0.48190857996284514, "42": 0.38789823009045465, "52": 0.36243341273491475, "62": 0.33460395088066086, "72": 0.2975771854314988, "82": 0.2910547452973282, "92": 0.260625974852821}