{"2": 0.6247917859809758, "12": 0.7659240222072151, "22": 0.7073353527993254, "32": 0.6323102056815453, "42": 0.6312742889532337, "52": 0.55029452714146, "62": 0.5455615073624488, "72": 0.49768978581709117, "82": 0.5097222004889146, "92": 0.4734128887464894}