{"2": 0.6251282742642673, "12": 0.6570676157176168, "22": 0.510730014430014, "32": 0.3893142857142851, "42": 0.3365904761904758, "52": 0.2812857142857139, "62": 0.2278571428571426, "72": 0.19893333333333302, "82": 0.18949999999999986, "92": 0.1833999999999999}