{"2": 0.9267824811508196, "12": 0.7534796713189096, "22": 0.6675061703606304, "32": 0.58812571383032, "42": 0.5714088889939714, "52": 0.5424987867755339, "62": 0.5108629430122229, "72": 0.4891519991548834, "82": 0.4814567316717686, "92": 0.4695732332782491}