{"2": 0.9281789742598262, "12": 0.705228135850498, "22": 0.5863612850140264, "32": 0.5214902765168414, "42": 0.4830728101616316, "52": 0.4479531489119966, "62": 0.42121968822350403, "72": 0.39347262656537124, "82": 0.3811337900769103, "92": 0.3607520085932625}