{"2": 0.9286782024286672, "12": 0.7755958236729488, "22": 0.6873277736068912, "32": 0.6359195901684833, "42": 0.6006602752582374, "52": 0.5846320410288486, "62": 0.5627152684531936, "72": 0.5582332923572628, "82": 0.5265862976187875, "92": 0.526183612810617}