{"2": 0.9282541722587839, "12": 0.8192986343232191, "22": 0.7781212970282845, "32": 0.7372787103607514, "42": 0.7207338050125457, "52": 0.7058745580139271, "62": 0.6638805023238809, "72": 0.6873723300416579, "82": 0.6600323504294935, "92": 0.6343886710418268}