{"2": 0.9253331311857976, "12": 0.7883842185747918, "22": 0.7373960077076228, "32": 0.6888724700698212, "42": 0.6536616200744615, "52": 0.6308100626422788, "62": 0.6120756560842138, "72": 0.6060681582470272, "82": 0.5941705263908708, "92": 0.5685809279885238}