{"2": 0.4360362318840577, "12": 0.7037898550724643, "22": 0.6673478260869568, "32": 0.6416956521739134, "42": 0.6225797101449283, "52": 0.5920289855072461, "62": 0.5871521739130436, "72": 0.5638623188405799, "82": 0.5586521739130442, "92": 0.5490579710144922}