{"2": 0.43397101449275355, "12": 0.6863405797101464, "22": 0.6528768115942031, "32": 0.5842246376811597, "42": 0.5718695652173913, "52": 0.5270724637681157, "62": 0.5067681159420285, "72": 0.4824275362318833, "82": 0.4665652173913037, "92": 0.4487898550724633}