{"2": 0.43614492753623196, "12": 0.7028405797101451, "22": 0.6819130434782606, "32": 0.6555507246376812, "42": 0.641115942028986, "52": 0.6174637681159421, "62": 0.5998695652173919, "72": 0.588065217391305, "82": 0.5885289855072466, "92": 0.5650072463768118}