{"2": 0.41083333333333355, "12": 0.703927536231885, "22": 0.6550362318840585, "32": 0.625115942028986, "42": 0.5940362318840582, "52": 0.5686014492753626, "62": 0.5619855072463772, "72": 0.5405217391304347, "82": 0.5167826086956512, "92": 0.5213623188405796}