{"2": 0.4386449275362318, "12": 0.6848550724637684, "22": 0.6898115942028986, "32": 0.6736811594202904, "42": 0.6662971014492761, "52": 0.6468840579710154, "62": 0.6323695652173918, "72": 0.630985507246377, "82": 0.6320869565217389, "92": 0.6192028985507247}