{"2": 0.680739029361015, "12": 0.7456123991424679, "22": 0.7096545255929422, "32": 0.6722115973537516, "42": 0.6473887810517236, "52": 0.6241369153791109, "62": 0.605972610650803, "72": 0.5970666878191658, "82": 0.591349755949058, "92": 0.5667940871826677}