{"2": 0.6823572171563632, "12": 0.7396928393727056, "22": 0.6773377998469243, "32": 0.638807621171198, "42": 0.611619992701582, "52": 0.5883305132680476, "62": 0.5749337211831185, "72": 0.5610478055989213, "82": 0.5426192357659155, "92": 0.5376207919125552}