{"2": 0.6688079072420768, "12": 0.728703603775397, "22": 0.6612712011223438, "32": 0.6066208279296526, "42": 0.5827225604390153, "52": 0.5555501180254478, "62": 0.5364242251292997, "72": 0.5148368691426582, "82": 0.4991196701837102, "92": 0.4954677760594145}