{"2": 0.6834495498975087, "12": 0.7520768533934944, "22": 0.7339664456155917, "32": 0.7054799348905197, "42": 0.69351545323091, "52": 0.6763793079924706, "62": 0.648125033770637, "72": 0.6591789186440173, "82": 0.6460596534756158, "92": 0.6267957847962753}