{"2": 0.68107499437629, "12": 0.6957843577803222, "22": 0.6196190483041144, "32": 0.5528574570990001, "42": 0.5274711876895108, "52": 0.4875128063400557, "62": 0.463993902082766, "72": 0.437950081398628, "82": 0.4238495037341075, "92": 0.40477093183286367}