{"2": 1.0, "12": 0.9574190476190493, "22": 0.9456333333333347, "32": 0.9390714285714303, "42": 0.9194476190476203, "52": 0.9152111111111124, "62": 0.9128412698412708, "72": 0.911560317460319, "82": 0.8968095238095257, "92": 0.8879603174603188}