{"2": 1.0, "12": 0.9620571428571439, "22": 0.9455952380952395, "32": 0.9430619047619071, "42": 0.9297809523809538, "52": 0.9178158730158751, "62": 0.910569841269843, "72": 0.9150793650793675, "82": 0.8970253968253986, "92": 0.9001714285714297}