{"2": 1.0, "12": 0.9667095238095241, "22": 0.9500000000000008, "32": 0.9423333333333342, "42": 0.933700000000001, "52": 0.9388476190476208, "62": 0.9303428571428581, "72": 0.9305000000000012, "82": 0.9289571428571437, "92": 0.9237428571428588}