{"2": 1.0, "12": 0.9650857142857152, "22": 0.948957142857144, "32": 0.9351380952380968, "42": 0.9312904761904782, "52": 0.922606349206351, "62": 0.9149190476190492, "72": 0.9081476190476198, "82": 0.9004587301587309, "92": 0.892544444444446}