{"2": 1.0, "12": 0.9607571428571442, "22": 0.9538047619047635, "32": 0.9353761904761921, "42": 0.9330190476190489, "52": 0.9232619047619061, "62": 0.9188619047619067, "72": 0.917258730158732, "82": 0.913261904761906, "92": 0.9105698412698426}