{"2": 1.0, "12": 0.9628047619047626, "22": 0.9521619047619055, "32": 0.949285714285716, "42": 0.9437428571428588, "52": 0.9342523809523825, "62": 0.9270190476190496, "72": 0.9219095238095257, "82": 0.9172952380952396, "92": 0.917487301587303}