{"2": 1.0, "12": 0.9772857142857162, "22": 0.9711428571428604, "32": 0.9575714285714313, "42": 0.9536428571428606, "52": 0.9478571428571461, "62": 0.9440714285714319, "72": 0.9417857142857183, "82": 0.9412142857142897, "92": 0.935714285714289}