{"2": 1.0, "12": 0.9772857142857168, "22": 0.9645714285714312, "32": 0.9607857142857175, "42": 0.9509285714285742, "52": 0.9418571428571461, "62": 0.9344285714285748, "72": 0.9396428571428606, "82": 0.9243571428571463, "92": 0.9264285714285745}