{"2": 1.0, "12": 0.9828571428571446, "22": 0.9723571428571451, "32": 0.9673571428571459, "42": 0.9615000000000028, "52": 0.9632142857142892, "62": 0.9595000000000031, "72": 0.958928571428575, "82": 0.9555714285714322, "92": 0.9538571428571465}