{"2": 1.0, "12": 0.9733571428571458, "22": 0.9630714285714317, "32": 0.9559285714285749, "42": 0.9398571428571467, "52": 0.9355714285714322, "62": 0.9305000000000034, "72": 0.9299285714285755, "82": 0.9167142857142896, "92": 0.9092857142857191}