{"2": 1.0, "12": 0.9782857142857171, "22": 0.9645000000000037, "32": 0.9531428571428606, "42": 0.9494285714285747, "52": 0.9403571428571469, "62": 0.9346428571428613, "72": 0.9285000000000041, "82": 0.9240000000000038, "92": 0.9164285714285749}