{"2": 1.0, "12": 0.9799285714285733, "22": 0.9715714285714313, "32": 0.9686428571428599, "42": 0.9638571428571464, "52": 0.9580000000000032, "62": 0.9521428571428605, "72": 0.947071428571432, "82": 0.9447857142857174, "92": 0.9442142857142891}