{"2": 1.0, "12": 0.9690214285714288, "22": 0.9624738095238101, "32": 0.9464738095238096, "42": 0.9433309523809521, "52": 0.9355595238095238, "62": 0.9314666666666663, "72": 0.9295222222222227, "82": 0.9272380952380954, "92": 0.9231420634920634}