{"2": 1.0, "12": 0.9653880952380953, "22": 0.9543523809523802, "32": 0.9474999999999993, "42": 0.9296523809523809, "52": 0.9253912698412695, "62": 0.9216706349206341, "72": 0.9207444444444444, "82": 0.9067619047619049, "92": 0.8986230158730162}