{"2": 1.0, "12": 0.9716857142857143, "22": 0.9567285714285713, "32": 0.9441404761904761, "42": 0.9403595238095238, "52": 0.9314817460317457, "62": 0.9247809523809526, "72": 0.91832380952381, "82": 0.9122293650793651, "92": 0.9044865079365072}