{"2": 1.0, "12": 0.9747833333333347, "22": 0.9611785714285727, "32": 0.9548452380952395, "42": 0.9476000000000007, "52": 0.9510309523809531, "62": 0.9449214285714297, "72": 0.9447142857142867, "82": 0.9422642857142866, "92": 0.9388000000000014}