{"2": 1.0, "12": 0.971366666666668, "22": 0.9618666666666672, "32": 0.9589642857142859, "42": 0.9538000000000009, "52": 0.9461261904761915, "62": 0.9395809523809522, "72": 0.9344904761904768, "82": 0.9310404761904763, "92": 0.9308507936507944}