{"2": 1.0, "12": 0.969671428571429, "22": 0.9550833333333332, "32": 0.9519238095238093, "42": 0.940354761904762, "52": 0.929836507936508, "62": 0.9224992063492062, "72": 0.9273611111111106, "82": 0.9106912698412699, "92": 0.9132999999999992}