{"200": 0.6810232558139536, "300": 0.6467209302325581}