{"0.0": 0.9832026143790887, "0.2": 0.9834117647058861, "0.4": 0.9832287581699393, "0.6000000000000001": 0.9830457516339909, "0.8": 0.9840522875817035, "1.0": 0.9828496732026174}