{"0.0": 0.9232156862745078, "0.2": 0.9177777777777778, "0.4": 0.9189673202614369, "0.6000000000000001": 0.9207843137254894, "0.8": 0.9202745098039208, "1.0": 0.9215163398692807}