{"0.0": 0.6319477124183009, "0.2": 0.6324313725490194, "0.4": 0.6305228758169936, "0.6000000000000001": 0.6283006535947717, "0.8": 0.6256078431372551, "1.0": 0.6337516339869284}