{"0.0": 0.7493464052287566, "0.2": 0.7506797385620888, "0.4": 0.7519346405228733, "0.6000000000000001": 0.7513725490196058, "0.8": 0.7515294117647039, "1.0": 0.7518954248365985}