{"0.0": 0.6640522875816987, "0.2": 0.6654379084967318, "0.4": 0.6548627450980385, "0.6000000000000001": 0.6633594771241825, "0.8": 0.6604705882352936, "1.0": 0.6615816993464051}