{"0.0": 0.3252758620689657, "0.2": 0.3234039408866996, "0.4": 0.3245763546798031, "0.6000000000000001": 0.3253054187192119, "0.8": 0.3223399014778327, "1.0": 0.3269261083743845}