{"0.0": 0.4356059113300507, "0.2": 0.44502463054187386, "0.4": 0.44725123152709556, "0.6000000000000001": 0.44743842364532216, "0.8": 0.4427339901477849, "1.0": 0.4461330049261102}