{"0.0": 0.34764039408867053, "0.2": 0.34333497536945856, "0.4": 0.3430935960591139, "0.6000000000000001": 0.3461871921182273, "0.8": 0.34460591133004986, "1.0": 0.346955665024631}