{"0.0": 0.8670394088669956, "0.2": 0.8699064039408867, "0.4": 0.8699162561576358, "0.6000000000000001": 0.8669852216748773, "0.8": 0.8705270935960595, "1.0": 0.8702955665024631}